module,files,lines,nest_modules,mounted,controllers,services,routes,specs,has_tests,unmounted_with_routes
key-cortex,249,70587,KeyCortexModule,TRUE,3,121,92,106,TRUE,
ai,142,47994,AiModule,TRUE,11,65,168,51,TRUE,
crm,89,25919,CrmModule,TRUE,9,39,193,7,TRUE,
commerce,74,17849,CommerceModule DocumentTemplateModule,TRUE,12,28,151,4,TRUE,
business-genome,88,15389,BusinessGenomeModule GenomeDocumentPackModule KeyGenomeModule,TRUE,4,35,107,35,TRUE,
finance,50,11051,FinanceModule,TRUE,1,32,113,11,TRUE,
core/connectors,47,9809,ConnectorModule,TRUE,3,11,22,4,TRUE,
site,20,7351,SiteModule,TRUE,2,11,66,1,TRUE,
communications,27,6240,CommunicationsModule,TRUE,4,14,69,3,TRUE,
flow,17,5444,FlowModule,TRUE,1,7,18,0,FALSE,
calendar,25,5204,CalendarModule,TRUE,1,9,22,3,TRUE,
bookings,20,4854,BookingsModule,TRUE,2,5,51,4,TRUE,
marketplace,7,4661,MarketplaceModule,TRUE,2,3,54,0,FALSE,
identity,17,4360,IdentityModule,TRUE,1,5,35,0,FALSE,
community,12,4233,CommunityModule,TRUE,1,7,97,0,FALSE,
key-connector,13,4146,KeyConnectorModule,TRUE,1,5,10,2,TRUE,
connect,14,3817,ConnectModule,TRUE,2,9,46,0,FALSE,
key-autonomy,34,3467,KeyAutonomyModule,TRUE,2,15,9,10,TRUE,
business-genesis,32,3387,BusinessGenesisModule,TRUE,2,11,13,7,TRUE,
key-inbox,21,3186,KeyInboxModule,TRUE,1,7,14,5,TRUE,
email-marketing,9,3153,EmailMarketingModule,TRUE,3,5,34,0,FALSE,
intelligence,21,2730,IntelligenceModule,TRUE,3,8,16,4,TRUE,
social,16,2728,SocialModule,TRUE,1,7,22,1,TRUE,
autopilot,8,2697,AutopilotModule,TRUE,1,3,21,3,TRUE,
blueprint,7,2525,BlueprintModule,TRUE,1,1,12,2,TRUE,
payments,8,2474,PaymentsModule,TRUE,2,3,20,1,TRUE,
notifications,9,2382,NotificationsModule,TRUE,1,3,7,2,TRUE,
reports,6,2257,ReportsModule,TRUE,1,2,9,1,TRUE,
expenses,6,2041,ExpensesModule,TRUE,3,2,32,0,FALSE,
documents,5,2029,DocumentsModule,TRUE,1,1,23,0,FALSE,
google-drive,4,2011,GoogleDriveModule,TRUE,1,2,31,0,FALSE,
onboarding-concierge,16,1954,OnboardingConciergeModule,TRUE,1,3,16,4,TRUE,
projects,9,1892,ProjectsModule,TRUE,1,3,31,1,TRUE,
temporal-flow,17,1877,TemporalFlowModule,TRUE,1,4,11,5,TRUE,
growth-intelligence,8,1835,GrowthIntelligenceModule,TRUE,1,5,9,1,TRUE,
command,13,1713,CommandModule,TRUE,1,3,21,1,TRUE,
public-events,8,1711,PublicEventsModule,TRUE,2,3,7,0,FALSE,
seo,8,1605,SeoModule,TRUE,1,4,26,0,FALSE,
analytics,7,1477,AnalyticsModule,TRUE,1,5,14,0,FALSE,
contracts,11,1391,ContractsModule,TRUE,1,2,11,3,TRUE,
keystore,15,1390,KeystoreModule,TRUE,2,1,21,1,TRUE,
structure,14,1352,StructureModule,TRUE,1,3,22,1,TRUE,
whatsapp,6,1343,WhatsAppModule,TRUE,1,1,13,2,TRUE,
business-command-center,8,1322,BusinessCommandCenterModule,TRUE,1,2,1,3,TRUE,
flow-signal,12,1260,FlowSignalModule,TRUE,2,3,7,4,TRUE,
supplier,9,1260,SupplierModule,TRUE,1,2,22,0,FALSE,
momentum,5,1254,MomentumModule,TRUE,1,3,9,0,FALSE,
diagnostics,3,1172,DiagnosticsModule,TRUE,1,1,7,0,FALSE,
subscriptions,7,1150,SubscriptionsModule,TRUE,1,1,12,2,TRUE,
task-assignments,12,1118,TaskAssignmentModule,TRUE,1,2,8,4,TRUE,
device,4,1058,DeviceModule,TRUE,1,2,13,0,FALSE,
conversion,9,1027,ConversionModule,TRUE,1,7,14,0,FALSE,
content-ops,12,980,ContentOpsModule,TRUE,1,3,17,2,TRUE,
events,14,975,EventsModule,TRUE,1,4,15,0,FALSE,
core/auth,17,964,AuthModule,TRUE,0,2,0,5,TRUE,
call-tasks,12,923,CallTaskModule,TRUE,1,2,10,3,TRUE,
ingestion,9,900,IngestionModule,TRUE,1,3,5,2,TRUE,
business-events,8,837,BusinessEventModule,TRUE,0,3,0,1,TRUE,
core/event-bus,3,805,EventBusModule,TRUE,0,0,0,1,TRUE,
time-tracking,5,787,TimeTrackingModule,TRUE,1,1,11,2,TRUE,
continental-ops,9,732,ContinentalOpsModule,TRUE,4,4,24,0,FALSE,
(server root),12,675,AppModule TrpcModule,TRUE,1,1,4,2,TRUE,
catalog,6,670,CatalogModule,TRUE,1,1,11,2,TRUE,
approvals,9,659,ApprovalModule,TRUE,1,1,9,2,TRUE,
keyflow-command,5,621,KeyflowCommandModule,TRUE,1,3,8,0,FALSE,
core/seed,2,616,SeedModule,TRUE,0,1,0,0,FALSE,
risc,10,615,RiscModule,TRUE,2,2,2,4,TRUE,
core/object-storage,3,599,,,0,0,0,0,FALSE,
webhooks,4,573,WebhooksModule,TRUE,1,1,8,0,FALSE,
phone-voice,6,571,PhoneVoiceModule,TRUE,1,2,2,2,TRUE,
automation,3,550,AutomationModule,TRUE,1,1,10,0,FALSE,
assets,9,515,AssetModule,TRUE,1,1,9,2,TRUE,
procurement,5,507,ProcurementModule,TRUE,1,1,14,0,FALSE,
evidence,9,501,EvidenceModule,TRUE,1,2,8,2,TRUE,
shopify,3,440,ShopifyModule,TRUE,1,1,6,0,FALSE,
admin-platform,5,438,AdminPlatformModule,TRUE,3,1,4,0,FALSE,
retainers,3,431,RetainerModule,TRUE,1,1,8,0,FALSE,
product-analytics,3,428,ProductAnalyticsModule,TRUE,1,1,8,0,FALSE,
integration-hub,3,427,IntegrationHubModule,TRUE,1,1,7,0,FALSE,
content,3,426,ContentModule,TRUE,0,1,0,1,TRUE,
people-flow,4,400,PeopleFlowModule,TRUE,1,2,3,0,FALSE,
gamification,4,393,GamificationModule,FALSE,1,1,3,0,FALSE,TRUE
business-assets,7,344,BusinessAssetsModule,TRUE,1,1,5,2,TRUE,
core/config,12,332,,,0,0,0,10,TRUE,
education,3,324,EducationModule,TRUE,1,1,6,0,FALSE,
lead-forms,3,319,LeadFormsModule,TRUE,1,1,8,0,FALSE,
timeline,4,318,TimelineModule,TRUE,1,1,3,0,FALSE,
staff-performance,3,316,StaffPerformanceModule,TRUE,1,1,4,0,FALSE,
os,3,307,OsModule,TRUE,1,1,1,0,FALSE,
payroll,3,304,PayrollModule,TRUE,1,1,5,0,FALSE,
change-orders,4,303,ChangeOrderModule,TRUE,1,1,6,1,TRUE,
core/interceptors,4,293,,,0,0,0,0,FALSE,
voice,7,279,VoiceModule,TRUE,1,1,2,0,FALSE,
event-stream,3,276,EventStreamModule,TRUE,1,1,1,0,FALSE,
portal,4,270,PortalModule,TRUE,1,2,5,0,FALSE,
trash,2,269,TrashModule,TRUE,1,0,3,0,FALSE,
feature-flags,3,263,FeatureFlagsModule,TRUE,1,1,3,0,FALSE,
templates,3,252,TemplatesModule,TRUE,1,1,3,0,FALSE,
admin-analytics,3,247,AdminAnalyticsModule,TRUE,1,1,8,0,FALSE,
livekit,3,243,LivekitModule,TRUE,1,1,5,0,FALSE,
helpdesk,3,240,HelpdeskModule,TRUE,1,1,5,0,FALSE,
mcp,3,224,McpModule,TRUE,0,1,0,0,FALSE,
security-audit,4,223,SecurityAuditModule,TRUE,1,1,1,1,TRUE,
core/guards,5,222,,,0,0,0,2,TRUE,
admin-auth,4,221,AdminAuthModule,TRUE,1,1,3,1,TRUE,
core/redis,4,216,RedisModule,TRUE,0,1,0,1,TRUE,
capabilities,4,211,CapabilitiesModule,TRUE,1,1,3,1,TRUE,
push-notifications,3,211,PushNotificationModule,TRUE,1,1,4,0,FALSE,
activity,3,207,ActivityModule,TRUE,0,1,0,1,TRUE,
core/utils,3,198,,,0,0,0,0,FALSE,
governance,4,195,GovernanceModule,TRUE,1,1,6,0,FALSE,
chatwoot,3,188,ChatwootModule,TRUE,1,1,1,0,FALSE,
slack,2,159,SlackModule,TRUE,0,1,0,0,FALSE,
core/security,5,150,,,0,0,0,2,TRUE,
temporal,3,149,TemporalModule,TRUE,1,1,1,0,FALSE,
directory,2,142,DirectoryModule,TRUE,1,0,2,0,FALSE,
marketing,3,141,MarketingModule,TRUE,1,1,4,0,FALSE,
core/growthbook,3,137,GrowthBookModule,TRUE,0,1,0,1,TRUE,
sop,3,135,SopModule,TRUE,1,1,5,0,FALSE,
api-keys,3,134,ApiKeysModule,TRUE,1,1,3,0,FALSE,
core/scheduling,2,90,,,0,0,0,1,TRUE,
actions,2,90,ActionsModule,TRUE,1,0,3,0,FALSE,
core/filters,1,89,,,0,0,0,0,FALSE,
uploads,3,81,UploadsModule,TRUE,1,1,1,0,FALSE,
core/crypto,2,70,,,0,0,0,1,TRUE,
core/prisma,3,64,PrismaModule,TRUE,0,1,0,1,TRUE,
core/tenant,2,62,,,0,0,0,0,FALSE,
realtime,3,56,RealtimeModule,TRUE,1,1,1,0,FALSE,
core/sentry,1,44,SentryModule,TRUE,0,0,0,0,FALSE,
core/decorators,2,27,,,0,0,0,0,FALSE,
core/middleware,1,23,,,0,0,0,0,FALSE,
