subrepl-0mjjlehs|c8ebdac719d8901a83de7c67b510b3c4fc11bf7c|c8ebdac7|2026-05-02 00:39:59 +0000
subrepl-0q32bmkl|77f97c5a44d53786eabf427fc91695d5a63aa4a9|77f97c5a|2026-04-11 22:34:52 +0000
subrepl-0tm4a7hb|f8d8160dd827d1a94ea87808d800aa8c19b45006|f8d8160d|2026-03-15 05:06:29 +0000
subrepl-133pxb5e|15f6e43204e8e0bfdc3d17bf1f5fc455f9e2c793|15f6e432|2026-04-05 02:41:22 +0000
subrepl-1qtvhk35|293ca2741db336bc59ffa00afdbcb54af2cefc34|293ca274|2026-04-13 01:03:14 +0000
subrepl-25fo0swd|b4634049d095d23c27e2e70422bf482ed119c8b6|b4634049|2026-03-15 03:38:44 +0000
subrepl-2l1dxx7f|93f265b5da4802c53e1c31312989d9b3d24d20e1|93f265b5|2026-04-16 06:26:50 +0000
subrepl-3aqo4py6|034330ec80246bc2777eed175295afba676d83a0|034330ec|2026-04-11 17:59:02 +0000
subrepl-3bs3qe59|c397159847414c00327e925d470cb8f72b1f593a|c3971598|2026-04-13 22:14:59 +0000
subrepl-45y6hqe9|de3c3eb0cd37440b2dd0975e967365cd2082024a|de3c3eb0|2026-05-01 22:52:09 +0000
subrepl-4bhq3xse|894aa94245fd056587a878e481af650ec304239a|894aa942|2026-05-02 00:39:59 +0000
subrepl-4huerw7a|d90f295d10613360330d81406fe65d2cbaded3eb|d90f295d|2026-04-11 22:58:21 +0000
subrepl-555nmt61|89d251f75f99b62c4d274749471a92e8e4600438|89d251f7|2026-04-05 02:40:29 +0000
subrepl-5k7bypsw|546b93bcdd1a86734892210ed59afc2b33b660b8|546b93bc|2026-05-01 23:39:07 +0000
subrepl-5wpjh198|f378f9fe37db7007d54e47b0fbfb9446c1459e6f|f378f9fe|2026-03-15 03:51:37 +0000
subrepl-6e1rd3ds|812b12168d3f6d5e03a3ed5553da852902e28814|812b1216|2026-04-16 06:11:55 +0000
subrepl-6hjtri9o|6a054b88e0e8b7b363393c9ed41ce42168f9dfce|6a054b88|2026-05-02 00:37:34 +0000
subrepl-74ouw5uz|215dd77b25b79fad70305a5a6ebaa61ba9f59e88|215dd77b|2026-04-16 06:32:13 +0000
subrepl-7d8r6b8a|07ee4efcc84d9c48c5257398b7822e6a3542372c|07ee4efc|2026-05-02 01:42:18 +0000
subrepl-7uqhe26p|0a6c8b912b7360cac1bf8930161893290d033b16|0a6c8b91|2026-05-01 23:30:25 +0000
subrepl-853x8n1p|9e95ab0b582298e652039efa2de96efcb438b461|9e95ab0b|2026-04-13 19:00:11 +0000
subrepl-8jttnwlo|5aa68ea2ff041bd4bc794e84001ed0770746c532|5aa68ea2|2026-04-13 14:52:55 +0000
subrepl-8p3id6u3|cf8e41d5129bd658a264bcfd22a73d9dc444ff9b|cf8e41d5|2026-04-11 23:50:08 +0000
subrepl-8vuby101|4b78b51b333b8f7820774672fdce0bafbe3435b7|4b78b51b|2026-04-13 15:22:51 +0000
subrepl-990q8nbg|ee7ecf7b5449756aac78a7533d81fce88f9d99ed|ee7ecf7b|2026-05-01 23:22:25 +0000
subrepl-9bli6n1t|00c09a7bc2f266563cf4b84620c756281c1d2c86|00c09a7b|2026-05-02 01:34:11 +0000
subrepl-9jiao59k|49c9a575f5a611a7087f35abf0b8165e5fa4d389|49c9a575|2026-05-02 01:05:45 +0000
subrepl-9pffafwb|8a103b7297ace4c41b09a449a75f56436a21fa37|8a103b72|2026-03-15 04:18:14 +0000
subrepl-a3t9gzhh|0ee85828887dbb5374fe8d2cdca7f0dff3afe1b3|0ee85828|2026-04-16 04:51:13 +0000
subrepl-a70y2wrj|fa198d5e26cb7b6a1b5f06e37cfbcfe5c1d0717f|fa198d5e|2026-04-16 06:10:56 +0000
subrepl-acssrrtq|0bf49718e893906d78554fc4baa99145996ea6d1|0bf49718|2026-03-15 03:37:34 +0000
subrepl-amyy90x1|a9574fe241c9ecbbac886a1a5154e769522e4477|a9574fe2|2026-05-01 22:50:25 +0000
subrepl-an5a2bni|e68e04afd276c9ea8146be44d6277360b292e8d3|e68e04af|2026-04-16 06:30:03 +0000
subrepl-bj2agdf6|a9a8c8ea2b846a0320f72d58b6b3dede5626c7d2|a9a8c8ea|2026-05-01 21:54:49 +0000
subrepl-btvtj784|f40c63d48ad70504ed7f6455f3b9b134e15e573c|f40c63d4|2026-05-01 22:03:20 +0000
subrepl-c04ghqnd|5875a646d022c2e82e8aef17020131773faf8bd9|5875a646|2026-05-01 22:29:27 +0000
subrepl-c3iq5qim|aecfc216674d6909057b7c15bc50fe985db0eef9|aecfc216|2026-04-16 06:24:00 +0000
subrepl-cd2ub1y7|cc3e7bea0978fcf16e851fef1b274c7a1b135045|cc3e7bea|2026-05-01 23:26:47 +0000
subrepl-cffx1pi1|f4b02d84af33715b5c10f6448d6be40085f9351e|f4b02d84|2026-04-02 15:13:31 +0000
subrepl-cgn76nht|09220e4bef78e9650387eb230c227f96238a8d0d|09220e4b|2026-05-02 01:19:19 +0000
subrepl-cvibnjmy|c2ead7ecba4b147c376045465bd646d57358ce13|c2ead7ec|2026-03-15 03:10:11 +0000
subrepl-d705qokj|b7f01829606d7eed005662e3a717ab5d9186fee4|b7f01829|2026-04-05 02:49:00 +0000
subrepl-dzciojsg|430b9cbb96988df67cde7225f4edf5eb2fa18612|430b9cbb|2026-05-02 01:29:21 +0000
subrepl-e0tjl3us|445069c8071647df6bf07584307894b4eb66c2a8|445069c8|2026-05-01 23:20:17 +0000
subrepl-ebkxhayc|49eec6bb8cc129c5db60369d190c3eb7ae10e1bb|49eec6bb|2026-04-05 02:07:14 +0000
subrepl-ezp6soi1|5c38b3d7cec634f37c9d54f983ec6b9d7a1fbf27|5c38b3d7|2026-04-05 02:17:29 +0000
subrepl-ezpw6jjn|2adfb82e0be0617b2acb07c1177bbd9323d1f203|2adfb82e|2026-03-15 03:37:00 +0000
subrepl-f0r8n7b4|c7985fe1291c71903fd25e5ba9273011a38eb2c4|c7985fe1|2026-04-16 06:35:10 +0000
subrepl-f1b0v9am|2343431842c2f20fdab26b833485559c8624ad50|23434318|2026-04-05 02:26:57 +0000
subrepl-f30vxqsg|cd14d577e49c3e79213e3342114153ec47424a9a|cd14d577|2026-05-01 23:06:52 +0000
subrepl-fhbcy5lf|d37636d0651fe94379735b10f34ce2c79097b6c7|d37636d0|2026-05-01 22:19:46 +0000
subrepl-fq2s7oy7|56a0e5eacd43e1882743e4bbb9dea0647ca3fa8e|56a0e5ea|2026-04-13 15:05:30 +0000
subrepl-g6tlyn4q|1e37c303a8a61f093ec8a495e40c1322b137d0a4|1e37c303|2026-04-13 16:21:42 +0000
subrepl-gcd7w62u|841d6ccdf466212590c09127ab68b5a2237e2fc2|841d6ccd|2026-03-15 04:46:10 +0000
subrepl-gjmdc09m|97455e571eee487108f44632ebc302ca59348b5a|97455e57|2026-04-05 02:00:12 +0000
subrepl-h1on48ur|c1e57862707b2178a6ecb9f9331f90d7fffa2267|c1e57862|2026-04-13 15:36:31 +0000
subrepl-hm9f28gu|b07c0848acf8501c1e2560dc0684206ee67e1897|b07c0848|2026-05-01 23:35:35 +0000
subrepl-hn926u5o|145d8a52092157a37649e40593ecb281e89815db|145d8a52|2026-05-02 00:47:50 +0000
subrepl-hx0ut00h|991fc6e9dfbab7b40c4cc0ee6ad16155da4763cd|991fc6e9|2026-04-13 21:09:27 +0000
subrepl-hz8x0h0p|817b5ff8016ea503bc6b43d71790ea78636f40f3|817b5ff8|2026-05-02 00:48:46 +0000
subrepl-i39jyqnj|8041a2c69328dddff4bd4f320af1fb952ca6785f|8041a2c6|2026-04-05 03:28:46 +0000
subrepl-iaihvh6i|06600cc747d6f9821105108863843315cb436f25|06600cc7|2026-04-05 02:12:01 +0000
subrepl-iox8ir9b|4e33461267346165ace827215196e0e417cc8172|4e334612|2026-05-01 23:11:30 +0000
subrepl-j0cpi6iq|2c4ddee9fff7c321c577ecafd74ed310cb503ee6|2c4ddee9|2026-05-01 23:09:00 +0000
subrepl-j6azp13o|e045dd3748f339adb27c754db22e05ac02c2c9c6|e045dd37|2026-05-02 01:39:52 +0000
subrepl-j6xir5jc|7408715b6941e936cbb6c60c0a065990613c8c3a|7408715b|2026-04-11 22:28:24 +0000
subrepl-jfa6xmya|47be9463a345c9d15c86c5844ef7aa01459a5759|47be9463|2026-05-01 23:25:41 +0000
subrepl-jihc62sv|43205ae56ecb7bcc3e2afdee1d4544860600755c|43205ae5|2026-03-15 05:28:41 +0000
subrepl-jmyplov7|cb383058d2b94152f164e70103f4448b0d7a4212|cb383058|2026-04-16 06:20:14 +0000
subrepl-jto8nesr|3e877f0d8bffa21a6bcc4ab84682aef6761b2826|3e877f0d|2026-05-01 22:09:59 +0000
subrepl-jw4p8i4i|3cee3c33189433f5e6e2a5bdd5127927991fcccf|3cee3c33|2026-04-16 06:29:47 +0000
subrepl-jzdgiyh6|94a30db48af7a74590741dc6682ea4a62966e9a6|94a30db4|2026-04-05 02:15:30 +0000
subrepl-k6diqt9c|a05c2eb461af266ca135f3acb18f4599c90c3a7f|a05c2eb4|2026-05-01 22:51:15 +0000
subrepl-l8usk6hg|d0f50f22b368cc789cd400cdba194bbbebc164e9|d0f50f22|2026-05-01 23:18:33 +0000
subrepl-lyi0rh27|62500da36fd6ff4b120bc7d721b8a3ec5b23149f|62500da3|2026-05-02 01:41:32 +0000
subrepl-lzjw79sf|9c8759c6a72337053c1855f1b714cbadc69438fc|9c8759c6|2026-04-16 06:36:16 +0000
subrepl-lzle7e0l|d66500a2e90afb0e34a493b601f8b0a98a0d5566|d66500a2|2026-04-12 00:25:40 +0000
subrepl-m0tgf1z5|9a83a76db078e98ca763f2447fcbd78fdd2cf623|9a83a76d|2026-04-16 06:28:49 +0000
subrepl-m1q442a5|c7803ff5674ba42b286c7a17a5ec4f9672254427|c7803ff5|2026-05-01 23:59:31 +0000
subrepl-m4zeiysk|ea834401297909020120fbe41d598f2ea70dc9e7|ea834401|2026-05-02 00:48:20 +0000
subrepl-m6i6r6l1|b89d45910b0ea14b955b756475288f4f3049d3da|b89d4591|2026-04-11 22:19:12 +0000
subrepl-m7276uht|f57b1b60a7eba5c971b8544ca61e1bad70cbdbb4|f57b1b60|2026-04-05 02:11:21 +0000
subrepl-mdc2fthn|30614604dbc28d4b0269ced0a3701c8f386089e5|30614604|2026-04-16 06:22:49 +0000
subrepl-mjju376m|7ca1451a549482ba5c688857d5b105b94088bc3f|7ca1451a|2026-03-15 02:57:38 +0000
subrepl-nq7hhfca|e2192a7b999f98cf7b8ef10f9a05eadba096a555|e2192a7b|2026-04-13 21:34:41 +0000
subrepl-p3siws4z|61a949488833e55e0b885a84733d5ade9992c9c6|61a94948|2026-05-02 01:21:27 +0000
subrepl-p8yigi4k|292180816fbca7884769ca193bd96dd5eb984c33|29218081|2026-04-13 02:40:00 +0000
subrepl-p9k58sjc|2b11e73c4c1a4e594218db1203a0ed9ddc65ec32|2b11e73c|2026-04-13 18:10:37 +0000
subrepl-pkhys0qu|c0a634080422b976c293f47a3f4d797fed1016f5|c0a63408|2026-05-01 22:32:19 +0000
subrepl-pxesk3aa|72b73b929ec267b9d0ec1563adb836de44188f84|72b73b92|2026-03-15 03:36:22 +0000
subrepl-pz0wvgb8|4c1e300f54830ddce8cf36c334359072078bc09b|4c1e300f|2026-05-01 22:25:47 +0000
subrepl-q24x8cbn|67ae43782d38137a40097d384fe6402f0d04a5fe|67ae4378|2026-04-16 06:34:14 +0000
subrepl-q7c8dyf2|b5ca322d531fde1d33a81db50ed1df920629745b|b5ca322d|2026-05-02 02:08:25 +0000
subrepl-qbvvwji4|36122ee3a7a7f9f73759f666df13ec9a6e425480|36122ee3|2026-04-13 17:28:20 +0000
subrepl-s9slieqc|da408c63da31f5d7e82c5b154b96c473d99d88e1|da408c63|2026-04-05 02:25:44 +0000
subrepl-sj3zexu0|c74b86a4b46f6494eeb53b69f4a7835889856e08|c74b86a4|2026-04-13 22:24:35 +0000
subrepl-t6t6vlta|ddc3964077cbb882a0c9bdab858eadaededb8966|ddc39640|2026-04-13 18:47:17 +0000
subrepl-tiku5rnt|3ad074a3ca08a5d6979e6cfac7d69c21e4b0f675|3ad074a3|2026-05-01 23:47:50 +0000
subrepl-tl1wh23h|fd4aac310e430bf5c5af01976686440205384e1f|fd4aac31|2026-05-01 23:25:43 +0000
subrepl-tth40vgq|5f02a44f31253ec8ef200cba5a21df7f580385bf|5f02a44f|2026-04-13 19:56:49 +0000
subrepl-u86ypcdn|5c54a15b8bdd8fd3fa8c16027b9318eefbfd2a8f|5c54a15b|2026-05-02 00:57:56 +0000
subrepl-vnu2wqer|e767e9a825ca58380feaf885c6fee25473f6ea9a|e767e9a8|2026-03-15 03:06:31 +0000
subrepl-w1uq1btt|9dc67c2b66d8e7b649346f52357f659a7fe2bb10|9dc67c2b|2026-05-01 23:58:13 +0000
subrepl-w22z4gfv|caef4279613ebfc2cf2bfe53c77d19f80a7170bd|caef4279|2026-03-15 16:13:52 +0000
subrepl-wb94vn1e|9726d2b785045c4d3b33e23bed3054c86b792f5c|9726d2b7|2026-05-01 23:07:15 +0000
subrepl-wceg8ziu|93dd0742ad020398ba5dc638d9a4262dbeb5b2e7|93dd0742|2026-05-01 22:30:14 +0000
subrepl-wn82v8vn|4b670dcf468be836a1946b8572f22fc5c1d50d5f|4b670dcf|2026-05-02 01:33:37 +0000
subrepl-x0faj19i|4731086f6ce6ebb6f650df6e50a34080109b126a|4731086f|2026-05-01 23:39:07 +0000
subrepl-y41avnzd|82d0afd5332a72ef383cb6fcfadc87e250b5dc63|82d0afd5|2026-05-01 23:41:48 +0000
subrepl-y6uhr3k2|912470280ad7796c0ab53b68ddaad855283f94d7|91247028|2026-04-05 02:23:41 +0000
subrepl-y97f056x|92621ba34e06416dd7b11540298dcb1facba4d5b|92621ba3|2026-04-16 06:21:13 +0000
subrepl-yjcgljy5|905a2aa3264e8f97cc5547069a1b7008bd291f48|905a2aa3|2026-05-01 23:41:17 +0000
subrepl-z1l79h1g|5f798bc51402a9508aebf3786e5d5cc2700bf76f|5f798bc5|2026-05-02 00:38:51 +0000
subrepl-zjqyv23q|8f93a7cdb78b24c8363d2aec381934285942050d|8f93a7cd|2026-04-13 00:40:31 +0000
subrepl-zl4jkd45|8aa59ac266df9863b32646bfdf1fce967684c0fe|8aa59ac2|2026-05-02 01:23:14 +0000
